序号,项目编号,货号,检测服务产品名称/检测内容,签收要求,审核要求,流转要求,流转数量,备注
1,RSPM2025034,LK292,OncoCompass? Plus血浆版,/,"全血：
2ml＜M＜6ml，警戒
M≤2ml，不合格",/,/,/
2,RSPM2025033,LK291,OncoScreen? Plus组织版,/,"N＞10张需反馈
穿刺切片：
5张＜N＜8张，警戒
N≤5张，不合格
手术切片：
N≤2张，不合格

常温（0~30℃）温控",/,≤10张,/
3,RSPM2025008,LK101,燃石朗克?组织版,/,"N＞15张需反馈
穿刺切片：
5张＜N＜8张，警戒
N≤5张，不合格
手术切片：
N≤2张，不合格",暂存等通知,≤15张,/
4,RSPM2025008,LK165,燃石朗克?血浆版,/,"全血：
2ml＜M＜6ml，警戒
M≤2ml，不合格",/,/,/
5,RSPM2025001,LK294,OncoScreen? Plus CDx组织版,由实验室根据PM提供的信息表贴标签,"切片：
N＞15张需反馈
N＜10张，不合格",/,≤15张,/
6,RSPM2025001,LK292,OncoCompass? Plus血浆版,由实验室根据PM提供的信息表贴标签,/,暂存等通知,/,/
7,RSPM2025018,LK291,OncoScreen? Plus组织版,/,"N＞10张需反馈
穿刺切片：
N＜8张，不合格
手术切片：
N＜2张，不合格","检测目的&报告出具：
1、是，生成报告：路径b
2、否，不生成报告：暂存等通知",≤10张,/
8,RSPM2025018,LK292,OncoCompass? Plus血浆版,/,"全血：
2ml＜M＜6ml，警戒
M≤2ml，不合格",路径b,/,/
9,RSPM2025021,LK291,OncoScreen? Plus组织版,由实验室根据PM提供的信息表贴标签,"切片：
N＜1张，不合格",暂存等通知,全部流转,/
10,RSPM2025017,LK101,燃石朗克?组织版,由实验室根据PM提供的信息表贴标签,"N＞10张需反馈
穿刺切片：
5张＜N＜8张，警戒
N≤5张，不合格
手术切片：
N≤2张，不合格","1、到位即检：路径a
2、批量送检：暂存等通知",≤10张,/
11,RSPM2025017,LK167,燃石朗清?血浆版,由实验室根据PM提供的信息表贴标签,"全血：
2ml＜M＜6ml，警戒
M≤2ml，不合格","1、到位即检：路径a
2、批量送检：暂存等通知",/,/
12,RSPM2025010,LK291,OncoScreen? Plus组织版,"1、由实验室贴M码
2、LK291与LK340共用样本，须贴2个M码","N＞10张需反馈
含空白玻片或HE片须暂停
穿刺切片：
5张＜N＜8张，警戒
N≤5张，不合格
手术切片：
N≤2张，不合格

LK291与LK340共用样本，其中一单暂停另一单同时暂停",/,≤10张,/
13,RSPM2025010,LK340,捕获转录组测序(Capture-WTS),"1、由实验室贴M码
2、LK291与LK340共用样本，须贴2个M码","N＞10张需反馈
含空白玻片或HE片须暂停
穿刺切片：
5张＜N＜8张，警戒
N≤5张，不合格
手术切片：
N≤2张，不合格

LK291与LK340共用样本，其中一单暂停另一单同时暂停",/,≤10张,/
14,RSPM2025010,LK292,OncoCompass? Plus血浆版,由实验室贴M码,"全血：
2ml＜M＜6ml，警戒
M≤2ml，不合格
运输条件：15~25℃温控",/,/,/
15,RSPM2025007,LK528,OncoScreen? WES遗传版,/,"全血：
M＜0.2ml，不合格",/,/,/
16,RSPM2025012,LK291,OncoScreen? Plus组织版,"1、由实验室贴M码
2、LK291与LK340共用样本，须贴2个M码","N＞10张需反馈
含空白玻片或HE片须暂停
穿刺切片：
5张＜N＜8张，警戒
N≤5张，不合格
手术切片：
N≤2张，不合格

LK291与LK340共用样本，其中一单暂停另一单同时暂停",/,≤10张,/
17,RSPM2025012,LK340,捕获转录组测序(Capture-WTS),"1、由实验室贴M码
2、LK291与LK340共用样本，须贴2个M码","N＞10张需反馈
含空白玻片或HE片须暂停
穿刺切片：
5张＜N＜8张，警戒
N≤5张，不合格
手术切片：
N≤2张，不合格

LK291与LK340共用样本，其中一单暂停另一单同时暂停",/,≤10张,/
18,RSPM2025012,LK292,OncoCompass? Plus血浆版,由实验室贴M码,"全血：
2ml＜M＜6ml，警戒
M≤2ml，不合格
运输条件：15~25℃温控",/,/,/
19,RSPM2024072,LK291,OncoScreen? Plus组织版,/,"N＞10张需反馈
穿刺切片：
5张＜N＜8张，警戒
N≤5张，不合格
手术切片：
N≤2张，不合格",暂存等通知,≤10张,/
20,RSPM2024072,LK292,OncoCompass? Plus血浆版,/,/,/,/,/
21,RSPM2024066,LK291,OncoScreen? Plus组织版,由实验室贴M码,"N＞10张需反馈
穿刺切片：
5张＜N＜8张，警戒
N≤5张，不合格
手术切片：
N≤2张，不合格",/,≤10张,/
22,RSPM2025019,LK101,燃石朗克?组织版,/,"穿刺切片：
N＜6张，不合格
手术切片：
N＜4张，不合格",/,"1、穿刺切片：6张
2、手术切片：4张",/
23,RSPM2024059,LK291,OncoScreen? Plus组织版,/,"N＞10张需反馈
穿刺切片：
5张＜N＜8张，警戒
N≤5张，不合格
手术切片：
N≤2张，不合格",暂存等通知,≤10张,/
24,RSPM2024059,LK041,MAP-BR定制版,/,/,暂存等通知,/,/
25,RSPM2024059,LK292,OncoCompass? Plus血浆版,/,/,暂存等通知,/,/
26,RSPM2025011,LK291,OncoScreen? Plus组织版,"1、由实验室贴M码
2、LK291与LK340共用样本，须贴2个M码","N＞10张需反馈
含空白玻片或HE片须暂停
穿刺切片：
5张＜N＜8张，警戒
N≤5张，不合格
手术切片：
N≤2张，不合格

LK291与LK340共用样本，其中一单暂停另一单同时暂停",/,≤10张,/
27,RSPM2025011,LK340,捕获转录组测序(Capture-WTS),"1、由实验室贴M码
2、LK291与LK340共用样本，须贴2个M码","N＞10张需反馈
含空白玻片或HE片须暂停
穿刺切片：
5张＜N＜8张，警戒
N≤5张，不合格
手术切片：
N≤2张，不合格

LK291与LK340共用样本，其中一单暂停另一单同时暂停",/,≤10张,/
28,RSPM2025011,LK292,OncoCompass? Plus血浆版,由实验室贴M码,"全血：
2ml＜M＜6ml，警戒
M≤2ml，不合格
运输条件：15~25℃温控",/,/,/
29,RSPM2025005,LK291,OncoScreen? Plus组织版,/,"N＞10张需反馈
穿刺切片：
5张＜N＜8张，警戒
N≤5张，不合格
手术切片：
N≤2张，不合格

LK291和LK361共用1张HE片",暂存等通知,/,/
30,RSPM2025005,LK361,PD-L1(22c3),/,"切片：
N＞3张需反馈
N＜2张，不合格

LK291和LK361共用1张HE片",暂存等通知,/,/
31,RSPM2025005,LK292,OncoCompass? Plus血浆版,/,"全血：
2ml＜M＜6ml，警戒
M≤2ml，不合格",/,/,/
32,RSPM2025009,LK291,OncoScreen? Plus组织版,"1、由实验室贴M码
2、LK291与LK340共用样本，须贴2个M码","N＞10张需反馈
含空白玻片或HE片须暂停
穿刺切片：
5张＜N＜8张，警戒
N≤5张，不合格
手术切片：
N≤2张，不合格

LK291与LK340共用样本，其中一单暂停另一单同时暂停",/,≤10张,/
33,RSPM2025009,LK340,捕获转录组测序(Capture-WTS),"1、由实验室贴M码
2、LK291与LK340共用样本，须贴2个M码","N＞10张需反馈
含空白玻片或HE片须暂停
穿刺切片：
5张＜N＜8张，警戒
N≤5张，不合格
手术切片：
N≤2张，不合格

LK291与LK340共用样本，其中一单暂停另一单同时暂停",/,≤10张,/
34,RSPM2025009,LK292,OncoCompass? Plus血浆版,由实验室贴M码,"全血：
2ml＜M＜6ml，警戒
M≤2ml，不合格
运输条件：15~25℃温控",/,/,/
35,RSPM2025006,LK101,燃石朗克?组织版,/,"筛选期：N＞10张需反馈
疾病进展期：N＞15张需反馈
穿刺切片：
5张＜N＜8张，警戒
N≤5张，不合格
手术切片：
N≤2张，不合格",暂存等通知,"1、筛选期：≤10张
2、疾病进展期：≤15张",/
36,RSPM2025006,LK165,燃石朗克?血浆版,/,"全血：
2ml＜M＜6ml，警戒
M≤2ml，不合格",/,/,/
37,RSPM2024061,LK101,燃石朗克?组织版,/,"N＞20张需反馈
穿刺切片：
5张＜N＜8张，警戒
N≤5张，不合格
手术切片：
N≤2张，不合格",筛选期组织：路径a,≤20张,/
38,RSPM2024061,LK165,燃石朗克?血浆版,筛选期送检两管血，未贴M码的一管由实验室贴临时标签签收,"全血：
2ml＜M＜6ml，警戒
M≤2ml，不合格","1、筛选期（C1D1给药前），外部贴码：路径a
2、其余访视节点：暂存等通知",/,/
39,RSPM2025020,LK291,OncoScreen? Plus组织版,/,"N＞10张需反馈
穿刺切片：
5张＜N＜8张，警戒
N≤5张，不合格
手术切片：
N≤2张，不合格",暂存等通知,≤10张,/
40,RSPM2025020,LK292,OncoCompass? Plus血浆版,/,"全血：
2ml＜M＜6ml，警戒
M≤2ml，不合格",/,/,/
41,RSPM2024001,LK380,TruSight Oncology 500 DNA,/,"N＞10张需反馈
穿刺切片：
5张≤N＜8张，警戒
N＜5张，不合格
手术切片：
N＜5张，不合格",暂存等通知,≤10张,/
42,RSPM2024001,LK042,MAP-临床定制版,/,"切片：
N≠3张，不合格
毛囊：
系统样本类型录入为新鲜组织
M≠1管，不合格",暂存等通知,"1、切片：3张
2、毛囊：1管",/
43,RSPM2024001,LK292,OncoCompass? Plus血浆版,/,"全血：
M＜6ml，不合格
M＞1管，不合格",暂存等通知,/,/
44,RSPM2024001,LK296,OncoScreen? Plus CDx组织版,/,"EDTA采血管全血：
M＜6ml，不合格
M≠2管，不合格",无需分离，直接存放于-65~ -90℃暂存等通知,2管,/
45,RSPM2025032,LK340,捕获转录组测序(Capture-WTS),由实验室根据PM提供的信息表贴标签,"全血：
M＜2.5ml，不合格",暂存等通知,/,/
46,RSPM2024076,LK525,OncoScreen? WES定制版,由实验室根据PM提供的信息表贴标签,"切片：
N＜1张，不合格
冰冻组织：
肉眼未见样本，不合格",暂存等通知,/,/
47,RSPM2024074,LK291,OncoScreen? Plus组织版,由实验室根据PM提供的信息表贴标签,"切片：
N＜1张，不合格

白细胞：
M＜0.2ml，不合格",暂存等通知,/,/
48,RSPM2024074,LK091,RNA提取,由实验室根据PM提供的信息表贴标签,"切片：
N＜1张，不合格",暂存等通知,/,/
49,RSPM2024074,LK292,OncoCompass? Plus血浆版,由实验室根据PM提供的信息表贴标签,"白细胞：
M＜0.2ml，不合格",暂存等通知,/,/
50,RSPM2024074,LK524,OncoScreen? WES定制版,由实验室根据PM提供的信息表贴标签,"白细胞：
M＜0.2ml，不合格",暂存等通知,/,/
51,RSPM2024074,LK167,燃石朗清?血浆版,由实验室根据PM提供的信息表贴标签,/,暂存等通知,/,/
52,RSPM2024073,LK291,OncoScreen? Plus组织版,/,"穿刺切片：
N≥10张需反馈
5张＜N≤7张，警戒
N≤5张，不合格
手术切片：
N≥4张需反馈
2张＜N＜4张，警戒
N≤2张，不合格",暂存等通知,"1、穿刺切片：
N≥10张时，8张
7＜N＜10张时，6张
2、手术切片：2张",/
53,RSPM2024073,LK292,OncoCompass? Plus血浆版,/,"全血：
2ml＜M＜6ml，警戒
M≤2ml，不合格",暂存等通知,/,/
54,RSPM2024077,LK524,OncoScreen? WES定制版,由实验室根据PM提供的信息表贴标签,"切片：
N＜2张，不合格

N含HE片

白细胞：
M＜0.2ml，不合格",暂存等通知,/,/
55,RSPM2024077,LK091,RNA提取,由实验室根据PM提供的信息表贴标签,"切片：
N＜2张，不合格

N含HE片",暂存等通知,/,/
56,RSPM2024077,LK167,燃石朗清?血浆版,由实验室根据PM提供的信息表贴标签,/,暂存等通知,/,/
57,RSPM2024050,LK309,OncoScreen? Plus组织版,/,"N＞15张需反馈
穿刺切片：
5张＜N＜10张，警戒
N≤5张，不合格
手术切片：
N≤2张，不合格

样本暂存于2℃~8℃",/,"1、穿刺切片：10张
2、手术切片：6张",/
58,RSPM2025027,LK030,KRAS,/,"切片：
N＞8张需反馈
5张≤N≤8张，警戒
N＜5张，不合格",暂存等通知,8张,/
59,RSPM2025004,LK291,OncoScreen? Plus组织版,/,"N＞10张需反馈
穿刺切片：
5张＜N＜8张，警戒
N≤5张，不合格
手术切片：
N≤2张，不合格",/,≤10张,/
60,RSPM2025004,LK292,OncoCompass? Plus血浆版,/,"全血：
M＞1管，不合格
2ml＜M＜6ml，警戒
M≤2ml，不合格",/,/,/
61,RSPM2024070,LK101,燃石朗克?组织版,由实验室贴M码,"N＞10张需反馈
穿刺切片：
5张＜N＜8张，警戒
N≤5张，不合格
手术切片：
N≤2张，不合格",暂存等通知,≤10张,/
62,RSPM2024070,LK170,燃石朗清?组织版,由实验室贴M码,"N＞10张需反馈
穿刺切片：
5张＜N＜8张，警戒
N≤5张，不合格
手术切片：
N≤2张，不合格",暂存等通知,≤10张,/
63,RSPM2024070,LK167,燃石朗清?血浆版,/,"全血：
M＜6ml，不合格",/,/,/
64,RSPM2024022,LK290,OncoScreen? Plus遗传版,/,"全血：
M＜0.2ml，不合格",/,/,/
65,RSPM2024035,LK292,OncoCompass? Plus血浆版,国外样本：由实验室根据PM提供的信息表贴标签,"全血：
2ml＜M＜6ml，警戒
M≤2ml，不合格","1、全血：路径b
2、血浆、外送DNA：暂存等通知",/,/
66,RSPM2024062,LK292,OncoCompass? Plus血浆版,/,"全血：
2ml＜M＜6ml，警戒
M≤2ml，不合格",/,/,/
67,RSPM2024069,LK308,OncoScreen? Plus组织升级版,由实验室根据PM提供的信息表贴标签,"穿刺切片：
5张＜N＜8张，警戒
N≤5张，不合格
手术切片：
N＜3张，不合格
蜡块：
N≠1块，或肉眼未见样本，不合格",暂存等通知,/,/
68,RSPM2025026,LK306,OncoCompass? Plus血浆版UMI,由实验室贴M码,"全血：
采血管上无受试者筛选号或样本标记编号，不合格
M＜6ml，不合格",/,/,/
69,RSPM2024052,LK291,OncoScreen? Plus组织版,由实验室根据PM提供的信息表贴标签,"切片：
N＜1张，不合格",暂存等通知,/,/
70,RSPM2024052,LK091,RNA提取,由实验室根据PM提供的信息表贴标签,"切片：
N＜1张，不合格",暂存等通知,/,/
71,RSPM2024052,LK292,OncoCompass? Plus血浆版,由实验室根据PM提供的信息表贴标签,/,暂存等通知,/,/
72,RSPM2024065,LK190,燃石朗清? Pro CDx血浆版,/,"全血：
M＜5ml，不合格

运输条件6~30℃温控or-20℃以下温控",/,/,/
73,RSPM2024065,LK194,燃石朗清? Pro血浆版UMI,/,"全血：
M＜5ml，不合格

运输条件6~30℃温控or-20℃以下温控",暂存等通知,/,/
74,RSPM2024053,LK291,OncoScreen? Plus组织版,/,"N＞12张需反馈
穿刺切片：
5张＜N＜8张，警戒
N≤5张，不合格
手术切片：
N≤2张，不合格

N含HE片",暂存等通知,≤12张,/
75,RSPM2024053,LK521,OncoScreen? WES,/,"N＞12张需反馈
穿刺切片：
5张＜N＜8张，警戒
N≤5张，不合格
手术切片：
N≤2张，不合格

N含HE片",暂存等通知,≤12张,/
76,RSPM2024053,LK292,OncoCompass? Plus血浆版,/,"全血：
2ml＜M＜6ml，警戒
M≤2ml，不合格

白细胞：
M＜0.2ml，不合格",/,/,/
77,RSPM2024046,LK524,OncoScreen? WES定制版,由实验室根据PM提供的信息表贴标签,"切片：
N＜1张，不合格",暂存等通知,/,/
78,RSPM2024046,LK091,RNA提取,由实验室根据PM提供的信息表贴标签,"切片：
N＜1张，不合格",暂存等通知,/,/
79,RSPM2024046,LK292,OncoCompass? Plus血浆版,由实验室根据PM提供的信息表贴标签,"白细胞：
M＜0.2ml，不合格",暂存等通知,/,/
80,RSPM2024057,LK262,燃石朗克? CDx组织版,/,"N＞10张需反馈
穿刺切片：
N＜5张，不合格
手术切片：
N＜2张，不合格

N含HE片",/,≤10张,/
81,RSPM2023063,LK533,燃卫宁? RNA,/,"N＞10张需反馈
穿刺切片：
5张＜N＜8张，警戒
N≤5张，不合格
手术切片：
N≤2张，不合格

骨髓：
V＜3ml，不合格","1、切片：暂存等通知
2、骨髓：提取后暂存等通知","1、穿刺切片：≤10张
2、手术切片：≤5张",/
82,RSPM2023063,LK531,燃卫宁? DNA,/,"N＞10张需反馈
穿刺切片：
5张＜N＜8张，警戒
N≤5张，不合格
手术切片：
N≤2张，不合格

骨髓：
V＜3ml，不合格","1、切片：暂存等通知
2、骨髓：提取后暂存等通知","1、穿刺切片：≤10张
2、手术切片：≤5张",/
83,RSPM2023063,LK292,OncoCompass? Plus血浆版,/,"全血：
2ml＜M＜6ml，警戒
M≤2ml，不合格",暂存等通知,/,/
84,RSPM2023063,LK532,燃卫宁? DNA配对,/,/,-15℃~ -25℃暂存等通知,/,/
85,RSPM2024030,LK513,myChoice HRD Plus,由实验室根据PM提供的信息表贴标签,"N＞10张需反馈
穿刺切片：
5张＜N＜8张，警戒
N≤5张，不合格
手术切片：
N≤2张，不合格","1、暂存等通知
2、LK513和LK294不共用样本",≤10张,/
86,RSPM2024030,LK294,OncoScreen? Plus CDx组织版,由实验室根据PM提供的信息表贴标签,"N＞10张需反馈
穿刺切片：
5张＜N＜8张，警戒
N≤5张，不合格
手术切片：
N≤2张，不合格","1、暂存等通知
2、LK513和LK294不共用样本",≤10张,/
87,RSPM2024030,LK167,燃石朗清?血浆版,由实验室根据PM提供的信息表贴标签,"血浆：
1ml＜N＜3ml，警戒
N≤1ml，不合格",暂存等通知,/,/
88,RSPM2024030,LK292,OncoCompass? Plus血浆版,由实验室根据PM提供的信息表贴标签,"血浆：
1ml＜N＜3ml，警戒
N≤1ml，不合格

白细胞：
M＞1管需反馈",暂存等通知,/,/
89,RSPM2024056,LK030,KRAS,/,"切片：
N＞8张需反馈
N＜5张，不合格","1、N=8张：暂存等通知
2、5张≤N≤7张：路径b",≤8张,/
90,RSPS2023006,LK305,OncoScreen? ParpMatch Pro CDx组织版,由实验室贴M码,"N＞15张需反馈
穿刺切片：
N＜15张，不合格
手术切片：
N＜10张，不合格

受试者筛选号（E-code）和样本标记信息（Accession No.）两者任一缺少需反馈并暂停",路径a,"1、穿刺切片：15张
2、手术切片：≤15张",/
91,RSPS2023006,LK291,OncoScreen? Plus组织版,由实验室贴M码,"全血：
M＜3ml，不合格

样本暂存于-15℃~-25℃",路径b,/,/
92,RSPM2024055,LK291,OncoScreen? Plus组织版,/,"N＞10张需反馈
穿刺切片：
5张＜N＜8张，警戒
N≤5张，不合格
手术切片：
N≤2张，不合格",暂存等通知,≤10张,/
93,RSPM2024048,LK309,OncoScreen? Plus组织版,/,"N＞10张需反馈
穿刺切片：
5张＜N＜8张，警戒
N≤5张，不合格
手术切片：
N≤2张，不合格

N含HE片",/,≤10张,/
94,RSPM2024048,LK292,OncoCompass? Plus血浆版,/,"全血：
2ml/管＜M＜6ml/管，警戒
M≤2ml/管，不合格",/,/,/
95,RSPM2024040,LK521,OncoScreen? WES,/,"N＞10张需反馈
穿刺切片：
5张＜N＜8张，警戒
N≤5张，不合格
手术切片：
N≤2张，不合格

全血：
M＜0.2ml，不合格","1、切片：暂存等通知
2、全血：暂存等通知",切片：≤10张,/
96,RSPM2024040,LK522,朗微?-MRD,/,"全血：
M＞2管，不合格
8ml≤M＜16ml，警戒
M＜8ml，不合格",/,/,/
97,RSPS2024007,LK340,捕获转录组测序(Capture-WTS),/,"切片：
N＞5张需反馈
N＜1张，不合格","1、暂存等通知
2、LK340单提或LK340与LK294双提",≤5张,/
98,RSPS2024007,LK294,OncoScreen? Plus CDx组织版,/,"切片：
N＞5张需反馈
N＜1张，不合格","1、暂存等通知
2、LK340单提或LK340与LK294双提",≤5张,/
99,RSPS2024007,LK292,OncoCompass? Plus血浆版,/,/,暂存等通知,/,/
100,RSPS2024007,LK550,OverC? Monitor-01,/,/,暂存等通知,/,/
101,RSPM2024049,LK291,OncoScreen? Plus组织版,由实验室根据PM提供的信息表贴标签,"N＞10张需反馈
穿刺切片：
5张＜N＜8张，警戒
N≤5张，不合格
手术切片：
N≤2张，不合格

N含HE片",暂存等通知,≤10张,/
102,RSPM2024049,LK091,RNA提取,由实验室根据PM提供的信息表贴标签,"N＞10张需反馈
穿刺切片：
5张＜N＜8张，警戒
N≤5张，不合格
手术切片：
N≤2张，不合格

N含HE片",暂存等通知,≤10张,/
103,RSPM2024049,LK292,OncoCompass? Plus血浆版,由实验室根据PM提供的信息表贴标签,"白细胞：
M＜0.2ml，不合格",暂存等通知,/,/
104,RSPM2024051,LK525,OncoScreen? WES定制版,由实验室根据PM提供的信息表贴标签,"N＞10张需反馈
穿刺切片：
5张＜N＜8张，警戒
N≤5张，不合格
手术切片：
N≤2张，不合格

N含HE片",暂存等通知,≤10张,/
105,RSPM2024051,LK091,RNA提取,由实验室根据PM提供的信息表贴标签,"N＞10张需反馈
穿刺切片：
5张＜N＜8张，警戒
N≤5张，不合格
手术切片：
N≤2张，不合格

N含HE片",暂存等通知,≤10张,/
106,RSPM2024011,LK291,OncoScreen? Plus组织版,由实验室根据PM提供的信息表贴标签,"切片：
筛选期：N＞15张需反馈
探索性：N＞10张需反馈
穿刺切片：
5张＜N＜8张，警戒
N≤5张，不合格
手术切片：
N≤2张，不合格
蜡块：
肉眼未见样本，不合格",暂存等通知,"1、筛选期：≤15张
2、探索性：≤10张",/
107,RSPM2024011,LK292,OncoCompass? Plus血浆版,由实验室根据PM提供的信息表贴标签,/,暂存等通知,/,/
108,RSPM2024041,LK291,OncoScreen? Plus组织版,由实验室根据PM提供的信息表贴标签,"白细胞：
M＜0.2ml，不合格",暂存等通知,/,/
109,RSPM2024041,LK167,燃石朗清?血浆版,由实验室根据PM提供的信息表贴标签,/,暂存等通知,/,/
110,RSPM2024047,LK170,燃石朗清?组织版,/,"N＞10张需反馈
穿刺切片：
5张＜N＜8张，警戒
N≤5张，不合格
手术切片：
2张＜N＜5张，警戒
N≤2张，不合格","1、预筛选期：路径a
2、其余访视节点：暂存等通知",≤10张,/
111,RSPM2024047,LK167,燃石朗清?血浆版,/,"全血：
2ml＜M＜6ml，警戒
M≤2ml，不合格","1、预筛选期：路径a
2、其余访视节点：暂存等通知",/,/
112,RSPM2024027,LK101,燃石朗克?组织版,/,"穿刺切片：
5张＜N＜8张，警戒
N≤5张，不合格
手术切片：
N＜3张，不合格

LK101与LK170共用样本",/,/,/
113,RSPM2024027,LK170,燃石朗清?组织版,/,"穿刺切片：
5张＜N＜8张，警戒
N≤5张，不合格
手术切片：
N＜3张，不合格

LK101与LK170共用样本","1、检测LK101LK170：路径b
2、仅检测LK170：暂存等通知",/,/
114,RSPM2024027,LK165,燃石朗克?血浆版,M＞1管时每管分别贴不同标签,"全血：
M＞1管需反馈
2ml＜M＜6ml，警戒
M≤2ml，不合格",/,1管,/
115,RSPM2024027,LK167,燃石朗清?血浆版,M＞1管时每管分别贴不同标签,"全血：
M＞1管需反馈
2ml＜M＜6ml，警戒
M≤2ml，不合格",/,1管,/
116,RSPM2024039,LK101,燃石朗克?组织版,/,"N＞10张需反馈
穿刺切片：
5张＜N＜8张，警戒
N≤5张，不合格
手术切片：
N≤2张，不合格","1、筛选期：路径a
2、其余访视节点：暂存等通知",≤10张,/
117,RSPM2024039,LK165,燃石朗克?血浆版,/,"全血：
2ml＜M＜6ml，警戒
M≤2ml，不合格","1、筛选期：路径a
2、其余访视节点：暂存等通知",/,/
118,RSPM2024043,LK194,燃石朗清? Pro血浆版UMI,/,"全血：
M＜5ml，不合格",/,/,/
119,RSPM2024038,LK521,OncoScreen? WES,/,"N＞15张需反馈
穿刺切片：
5张＜N＜8张，警戒
N≤5张，不合格
手术切片：
N≤2张，不合格

全血：
M＜0.2ml，不合格

申请单白细胞填写出具报告不需反馈",/,切片：≤15张,/
120,RSPM2024038,LK340,捕获转录组测序(Capture-WTS),/,"N＞15张需反馈
穿刺切片：
5张＜N＜8张，警戒
N≤5张，不合格
手术切片：
N≤2张，不合格",/,≤15张,/
121,RSPM2024028,LK291,OncoScreen? Plus组织版,由实验室根据PM提供的信息表贴标签,"穿刺切片：
N＞7张需反馈
5张＜N≤7张，警戒
N≤5张，不合格
手术切片：
N＞5张需反馈
N=2张，警戒
N＜2张，不合格

N含HE片",暂存等通知,"1、穿刺切片：≤7张
2、手术切片：≤5张",/
122,RSPM2024028,LK292,OncoCompass? Plus血浆版,由实验室根据PM提供的信息表贴标签,/,暂存等通知,/,/
123,RSPM2024024,LK170,燃石朗清?组织版,由实验室根据PM提供的信息表贴标签,"穿刺切片：
N＞10张需反馈
5张＜N＜8张，警戒
N≤5张，不合格
手术切片：
N＞5张需反馈
N=2张，警戒
N＜2 张，不合格",暂存等通知,"1、穿刺切片：≤10张
2、手术切片：≤5张",/
124,RSPM2024024,LK167,燃石朗清?血浆版,由实验室根据PM提供的信息表贴标签,/,暂存等通知,/,/
125,RSPM2024036,LK521,OncoScreen? WES,由实验室根据PM提供的信息表贴标签,/,暂存等通知,全部流转,/
126,RSPM2024036,LK091,RNA提取,由实验室根据PM提供的信息表贴标签,/,暂存等通知,全部流转,/
127,RSPM2024031,LK170,燃石朗清?组织版,/,"N＞10张需反馈
穿刺切片：
5张＜N＜8张，警戒
N≤5张，不合格
手术切片：
N≤2张，不合格",暂存等通知,≤10张,/
128,RSPM2024031,LK167,燃石朗清?血浆版,/,"全血：
2ml＜M＜6ml，警戒
M≤2ml，不合格",/,/,/
129,RSPM2024006,LK101,燃石朗克?组织版,/,"N＞10张需反馈
穿刺切片：
5张＜N＜8张，警戒
N≤5张，不合格
手术切片：
N≤2张，不合格

LK101和LK361共用1张HE片",暂存等通知,≤10张,/
130,RSPM2024006,LK361,PD-L1(22c3),/,"切片：
N＞3张需反馈
N＜2，不合格

LK101和LK361共用1张HE片",暂存等通知,≤3张,/
131,RSPM2024006,LK292,OncoCompass? Plus血浆版,/,"全血：
2ml＜M＜6ml，警戒
M≤2ml，不合格",/,/,/
132,RSPM2024037,LK291,OncoScreen? Plus组织版,/,"N＞10张需反馈
穿刺切片：
5张＜N＜8张，警戒
N≤5张，不合格
手术切片：
N≤2张，不合格

N含HE片",暂存等通知,/,/
133,RSPM2024037,LK292,OncoCompass? Plus血浆版,/,/,暂存等通知,/,/
134,RSPS2024006,LK307,OncoScreen? BCMatch CDx组织版,由实验室根据PM提供的信息表贴标签,"N＞11张需反馈
穿刺切片：
N≤5张，不合格
手术切片：
N≤2张，不合格

N含HE片",暂存等通知,≤11张,/
135,RSPS2023010,LK291,OncoScreen? Plus组织版,由实验室贴M码,"N＞10张需反馈
穿刺切片：
5张＜N＜8张，警戒
N≤5张，不合格
手术切片：
N≤2张，不合格",路径a,≤10张,/
136,RSPS2023010,LK292,OncoCompass? Plus血浆版,由实验室贴M码,"全血：
M＞1管，不合格
2ml＜M＜6ml，警戒
M≤2ml，不合格","送检两管时：
1、1管已推财务：路径a，
2、1管未推财务：分离暂存",/,/
137,RSPM2024033,LK291,OncoScreen? Plus组织版,/,"N＞10张需反馈
穿刺切片：
N＜8张，不合格
手术切片：
N＜5张，不合格",/,≤10张,/
138,RSPM2024033,LK292,OncoCompass? Plus血浆版,/,"全血：
M＞1管，不合格
2ml＜M＜6ml，警戒
M≤2ml，不合格",/,/,/
139,RSPM2024029,LK524,OncoScreen? WES定制版,由实验室根据PM提供的信息表贴标签,"切片：
N＜1张，不合格

白细胞：
M＜0.2ml，不合格",暂存等通知,/,/
140,RSPM2024029,LK091,RNA提取,由实验室根据PM提供的信息表贴标签,"切片：
N＜1张，不合格",暂存等通知,/,/
141,RSPM2024029,LK292,OncoCompass? Plus血浆版,由实验室根据PM提供的信息表贴标签,"白细胞：
M＜0.2ml，不合格",暂存等通知,/,/
142,RSPS2024003,LK167,燃石朗清?血浆版,/,"全血：
2ml＜M＜6ml，警戒
M≤2ml，不合格
不出报告",路径b,/,/
143,RSPS2024003,LK179,燃石朗清? Pro血浆版UMI,/,"全血：
M＜5ml，不合格
出报告",路径a,/,/
144,RSPM2024026,LK262,燃石朗克? CDx组织版,/,"N＞10张需反馈
穿刺切片：
N＜8张，不合格
手术切片：
N＜5张，不合格",/,≤10张,/
145,RSPM2023061,LK525,OncoScreen? WES定制版,/,"N＞10张需反馈
穿刺切片：
5张＜N＜8张，警戒
N≤5张，不合格
手术切片：
2张＜N＜5张，警戒
N≤2张，不合格

LK525和LK091共用1张HE片",暂存等通知,≤10张,/
146,RSPM2023061,LK091,RNA提取,/,"N＞10张需反馈
穿刺切片：
5张＜N＜8张，警戒
N≤5张，不合格
手术切片：
2张＜N＜5张，警戒
N≤2张，不合格

LK525和LK091共用1张HE片",暂存等通知,≤10张,/
147,RSPS2023008,LK294,OncoScreen? Plus CDx组织版,由实验室贴M码,"N＞10张需反馈
穿刺切片：
N＜5张，不合格
手术切片：
N＜2张，不合格

N含HE片",路径a,≤10张,/
148,RSPM2024019,LK194,燃石朗清?血浆版,/,"全血：
M＞1管，不合格
M＜5ml，不合格",暂存等通知,/,/
149,RSPM2022016,LK524,OncoScreen? WES定制版,/,"切片：
N＞6张需反馈
N＜1张，不合格",暂存等通知,≤6张,/
150,RSPM2022016,LK601,OncoRNA,/,"切片：
N＞6张需反馈
N＜1张，不合格",暂存等通知,≤6张,/
151,RSPM2024007,LK533,燃卫宁? RNA,/,"切片：
N＞7张需反馈
N≤2张，不合格",暂存等通知,≤7张,/
152,RSPM2024007,LK534,燃卫宁? DNA,/,"切片：
N＞7张需反馈
N≤2张，不合格",暂存等通知,≤7张,/
153,RSPM2024018,LK292,OncoCompass? Plus血浆版,/,"全血：
2ml＜M＜6ml，警戒
M≤2ml，不合格",/,/,/
154,RSPM2023016,LK291,OncoScreen? Plus组织版,/,"N＞10张需反馈
穿刺切片：
5张＜N＜8张，警戒
N≤5张，不合格
手术切片：
N≤2张，不合格

N含HE片",暂存等通知,≤10张,/
155,RSPM2023016,LK292,OncoCompass? Plus血浆版,/,"全血：
2ml＜M＜6ml，警戒
M≤2ml，不合格",暂存等通知,/,/
156,RSPM2024015,LK310,OncoScreen? Plus CDx组织版,/,"切片：
N＞5张需反馈
N≤2张，不合格

N仅含白片",暂存等通知,"1、不含HE片：≤5张
2、含HE片：≤51张",/
157,RSPM2024004,LK291,OncoScreen? Plus组织版,/,"N＞10张需反馈
穿刺切片：
5张＜N＜8张，警戒
N≤5张，不合格
手术切片：
N≤2张，不合格

N含HE片
LK291和LK340共用1张HE片",/,≤10张,/
158,RSPM2024004,LK340,捕获转录组测序(Capture-WTS),/,"N＞10张需反馈
穿刺切片：
5张＜N＜8张，警戒
N≤5张，不合格
手术切片：
N≤2张，不合格

N含HE片
LK291和LK340共用1张HE片",/,≤10张,/
159,RSPM2024004,LK292,OncoCompass? Plus血浆版,/,"全血：
2ml＜M＜6ml，警戒
M≤2ml，不合格",/,/,/
160,RSPM2024003,LK170,燃石朗清?组织版,/,"N＞10张需反馈
穿刺切片：
5张＜N＜8张，警戒
N≤5张，不合格
手术切片：
N≤2张，不合格",/,≤10张,/
161,RSPM2024003,LK167,燃石朗清?血浆版,/,"全血：
2ml＜M＜6ml，警戒
M≤2ml，不合格",/,/,/
162,RSPM2023060,LK295,OncoScreen? Plus CDx组织版,由实验室根据PM提供的信息表贴标签,"N＞7张需反馈
穿刺切片：
N＜5张，不合格
手术切片：
N＜2张，不合格",暂存等通知,≤7张,/
163,RSPM2023060,LK176,燃石朗清?血浆版UMI,由实验室根据PM提供的信息表贴标签,"全血：
M＜0.2ml，不合格",暂存等通知,/,/
164,RSPM2023057,LK531,燃卫宁? DNA,/,"N＞10张需反馈
穿刺切片：
5张＜N＜8张，警戒
N≤5张，不合格
手术切片：
N≤2张，不合格",/,≤10张,/
165,RSPM2023057,LK532,燃卫宁? DNA配对,/,样本暂存于-15℃~-25℃,/,/,/
166,RSPM2024002,LK167,燃石朗清?血浆版,/,"全血：
1ml＜M＜3ml，警戒
M≤1ml，不合格",暂存等通知,/,/
167,RSPS2024002,LK262,燃石朗克? CDx组织版,/,"N＞10张需反馈
穿刺切片：
N＜5张，不合格
手术切片：
N＜2张，不合格

N含HE片",路径a,≤10张,/
168,RSPS2024002,LK106,燃石朗清? CDx血浆版,/,"全血：
M＞10ml需反馈
M＜5ml，不合格",路径a,/,/
169,RSPM2023021,LK361,PD-L1(22c3),/,"切片：
N＞3张需反馈
N＜2张，不合格

N含HE片",/,≤3张,/
170,RSPM2023021,LK292,OncoCompass? Plus血浆版,/,"全血：
2ml＜M＜6ml，警戒
M≤2ml，不合格",/,/,/
171,RSPS2024001,LK262,燃石朗克? CDx组织版,/,"N＞10张需反馈
穿刺切片：
N＜5张，不合格
手术切片：
N＜2张，不合格
出报告",路径a,≤10张,/
172,RSPS2024001,LK106,燃石朗清? CDx血浆版,/,"全血：
M＜5ml，不合格
不出报告",路径b,/,/
173,RSPM2023064,LK205,燃石利清?组织版,/,"N＞10张需反馈
穿刺切片：
5张＜N＜8张，警戒
N≤5张，不合格
手术切片：
N≤2张，不合格",/,≤10张,/
174,RSPM2023064,LK534,燃卫宁? DNA,/,"N＞10张需反馈
穿刺切片：
5张＜N＜8张，警戒
N≤5张，不合格
手术切片：
N≤2张，不合格",/,≤10张,/
175,RSPM2023064,LK533,燃卫宁? RNA,/,"N＞10张需反馈
穿刺切片：
5张＜N＜8张，警戒
N≤5张，不合格
手术切片：
N≤2张，不合格",/,≤10张,/
176,RSPM2023005,LK524,OncoScreen? WES定制版,/,"N＞15张需反馈
穿刺切片：
5张＜N＜8张，警戒
N≤5张，不合格
手术切片：
N≤2张，不合格
切片蜡卷：
N>1张（和）或C>1管需反馈
N＜1或C＜1管，不合格

白细胞：
M＜0.2ml，不合格",暂存等通知,切片：≤15张,/
177,RSPM2023005,LK335,全转录组测序(WTS),/,"切片蜡卷：
N>1张（和）或C>1管需反馈
N＜1或C＜1管，不合格",暂存等通知,N=1张且C=1管,/
178,RSPM2023004,LK524,OncoScreen? WES定制版,/,"N＞15张需反馈
穿刺切片：
5张＜N＜8张，警戒
N≤5张，不合格
手术切片：
N≤2张，不合格
切片蜡卷：
N>1张（和）或C>1管需反馈
N＜1或C＜1管，不合格

白细胞：
M＜0.2ml，不合格",暂存等通知,切片：≤15张,/
179,RSPM2023004,LK335,全转录组测序(WTS),/,"N＞15张需反馈
穿刺切片：
5张＜N＜8张，警戒
N≤5张，不合格
手术切片：
N≤2张，不合格
切片蜡卷：
N>1张（和）或C>1管需反馈
N＜1或C＜1管，不合格",暂存等通知,切片：≤15张,/
180,RSPM2023058,LK170,燃石朗清?组织版,/,"N＞10张需反馈
穿刺切片：
5张＜N＜8张，警戒
N≤5张，不合格
手术切片：
N≤2张，不合格

LK170和LK361共用1张HE片",/,≤10张,/
181,RSPM2023058,LK361,PD-L1(22c3),/,"切片：
N＜5张，不合格

LK170和LK361共用1张HE片",/,5张,/
182,RSPM2023054,LK118,燃石馥康?组织版,/,"N＞10张需反馈
穿刺切片：
5张＜N＜8张，警戒
N≤5张，不合格
手术切片：
N≤2张，不合格",按快速检测,≤10张,/
183,RSPM2023054,LK206,燃石馥康?血浆版,/,"全血：
2ml＜M＜6ml，警戒
M≤2ml，不合格","1、暂存等通知
2、按快速检测",/,/
184,RSPM2023049,LK106,燃石朗清? CDx血浆版,/,"全血：
M＜5ml，不合格",/,/,/
185,RSPM2023028,LK167,燃石朗清?血浆版,/,"全血：
2ml＜M＜6ml，警戒
M≤2ml，不合格","1、全血：路径b
2、血浆、外送DNA：暂存等通知",/,/
186,RSPM2023040,LK292,OncoCompass? Plus血浆版,/,"全血：
2ml＜M＜6ml，警戒
M≤2ml，不合格",/,/,/
187,RSPM2023018,LK294,OncoScreen? Plus CDx组织版,/,"切片：
N＞5张需反馈
N≤2张，不合格",暂存等通知,≤5张,/
188,RSPM2023018,LK292,OncoCompass? Plus血浆版,/,"白细胞：
M＜0.2ml，不合格",暂存等通知,/,/
189,RSPM2023055,LK167,燃石朗清?血浆版,/,"全血：
2ml＜M＜6ml，警戒
M≤2ml，不合格",/,/,/
190,RSPM2023055,LK290,OncoScreen? Plus遗传版,/,"全血：
2ml＜M＜6ml，警戒
M≤2ml，不合格",/,/,/
191,RSPM2023056,LK291,OncoScreen? Plus组织版,由实验室根据PM提供的信息表贴标签,"切片：
N＜1张，不合格",暂存等通知,/,/
192,RSPM2023056,LK524,OncoScreen? WES定制版,由实验室根据PM提供的信息表贴标签,"切片：
N＜1张，不合格",暂存等通知,/,/
193,RSPM2023056,LK601,OncoRNA,由实验室根据PM提供的信息表贴标签,"切片：
N＜1张，不合格",暂存等通知,/,/
194,RSPM2023056,LK292,OncoCompass? Plus血浆版,由实验室根据PM提供的信息表贴标签,"白细胞：
M＜0.2ml，不合格",暂存等通知,/,/
195,RSPM2023043,LK101,燃石朗克?组织版,/,"N＞10张需反馈
穿刺切片：
5张＜N＜8张，警戒
N≤5张，不合格
手术切片：
N≤2张，不合格",/,≤10张,/
196,RSPM2023051,LK030,KRAS,/,"穿刺切片：N＜8张，不合格
手术切片：N＜5张，不合格",/,"1、穿刺切片：≤8张
2、手术切片：≤5张",/
197,RSPM2023038,LK101,燃石朗克?组织版,/,"N＞10张需反馈
穿刺切片：
5张＜N＜8张，警戒
N≤5张，不合格
手术切片：
N≤2张，不合格

N含HE片","1、立即检测：路径a
2、暂存复检：暂存等通知",≤10张,/
198,RSPM2023041,LK167,燃石朗清?血浆版,/,"全血：
2ml＜M＜6ml，警戒
M≤2ml，不合格",/,/,/
199,RSPM2023039,LK292,OncoCompass? Plus血浆版,/,"全血：
2ml＜M＜6ml，警戒
M≤2ml，不合格",/,/,/
200,RSPM2023042,LK291,OncoScreen? Plus组织版,/,"N＞10张需反馈
穿刺切片：
5张＜N＜8张，警戒
N≤5张，不合格
手术切片：
N≤2张，不合格

N含HE片",/,≤10张,/
201,RSPM2023042,LK340,捕获转录组测序(Capture-WTS),/,"N＞10张需反馈
穿刺切片：
5张＜N＜8张，警戒
N≤5张，不合格
手术切片：
N≤2张，不合格

N含HE片",/,≤10张,/
202,RSPM2023042,LK292,OncoCompass? Plus血浆版,/,"全血：
2ml＜M＜6ml，警戒
M≤2ml，不合格",/,/,/
203,RSPM2023035,LK106,燃石朗清? CDx血浆版,/,"全血：
M＜5ml，不合格",/,/,/
204,RSPM2023032,LK167,燃石朗清?血浆版,/,"全血：
2ml＜M＜6ml，警戒
M≤2ml，不合格",/,/,/
205,RSPM2023010,LK167,燃石朗清?血浆版,/,"全血：
2ml＜M＜6ml，警戒
M≤2ml，不合格",暂存等通知,/,/
206,RSPM2023045,LK295,OncoScreen? Plus CDx组织版,/,"穿刺切片：
N＞151张需反馈
N＜81张，不合格
手术切片：
N＞101张需反馈
N≤21张，不合格

N=白片1张HE片",暂存等通知,"1、穿刺切片：≤151张
2、手术切片：≤101张",/
207,RSPM2023048,LK205,燃石利清?组织版,/,"N＞10张需反馈
穿刺切片：
5张＜N＜8张，警戒
N≤5张，不合格
手术切片：
N≤2张，不合格",暂存等通知,≤10张,/
208,RSPS2023003,LK291,OncoScreen? Plus组织版,/,"N＞9张需反馈
穿刺切片：
5张＜N＜8张，警戒
N≤5张，不合格
手术切片：
N≤2张，不合格

N含HE片",路径b,≤9张,/
209,RSPS2023003,LK292,OncoCompass? Plus血浆版,/,"全血：
2ml＜M＜6ml，警戒
M≤2ml，不合格",路径b,/,/
210,RSPM2023026,LK300,OncoCompass? Plus血浆定制版,/,"全血：
M＞1管需反馈并不分离暂停
2ml＜M＜6ml，警戒
M≤2ml，不合格

访视节点C1D1送检2管，1管是PRE，1管是8HR，为两个样本，不需反馈",/,/,/
211,RSPM2023030,LK262,燃石朗克? CDx组织版,/,"N＞10张需反馈
穿刺切片：
5张＜N＜8张，警戒
N≤5张，不合格
手术切片：
N≤2张，不合格",/,≤10张,/
212,RSPS2023004,LK264,燃石朗克? CDx组织版,/,"N＞10张需反馈
穿刺切片：
N＜8张，不合格
手术切片：
N＜5张，不合格",路径a,≤10张,/
213,RSPS2023004,LK106,燃石朗清? CDx血浆版,/,"全血：
M＜5ml，不合格",路径a,/,/
214,RSPM2023034,LK521,OncoScreen? WES,/,"N＞12张需反馈
穿刺切片：
5张＜N＜8张，警戒
N≤5张，不合格
手术切片：
N≤2张，不合格

LK521与LK335共用样本，LK521、LK335和LK361共用1张HE片",暂存等通知,≤12张,/
215,RSPM2023034,LK335,全转录组测序(WTS),/,"N＞12张需反馈
穿刺切片：
5张＜N＜8张，警戒
N≤5张，不合格
手术切片：
N≤2张，不合格

LK521与LK335共用样本，LK521、LK335和LK361共用1张HE片",暂存等通知,≤12张,/
216,RSPM2023034,LK361,PD-L1(22c3),/,"切片：
N＞3张需反馈
N＜2张，不合格

LK521与LK335共用样本，LK521、LK335和LK361共用1张HE片",暂存等通知,≤3张,/
217,RSPM2023019,LK292,OncoCompass? Plus血浆版,/,/,暂存等通知,/,/
218,RSPM2023011,LK167,燃石朗清?血浆版,/,"全血：
2ml＜M＜6ml，警戒
M≤2ml，不合格",/,/,/
219,RSPM2023029,LK292,OncoCompass? Plus血浆版,/,"全血：
2ml＜M＜6ml，警戒
M≤2ml，不合格",/,/,/
220,RSPM2023022,LK291,OncoScreen? Plus组织版,/,"N＞10张需反馈
穿刺切片：
5张＜N＜8张，警戒
N≤5张，不合格
手术切片：
N≤2张，不合格

N含HE片",暂存等通知,≤10张,/
221,RSPM2023012,LK167,燃石朗清?血浆版,/,"全血：
2ml＜M＜6ml，警戒
M≤2ml，不合格",/,/,/
222,RSPM2023025,LK291,OncoScreen? Plus组织版,/,"N＞10张需反馈
穿刺切片：
5张＜N＜8张，警戒
N≤5张，不合格
手术切片：
N≤2张，不合格","1、筛选期：路径a
2、IHC检测：暂存等通知","1、穿刺切片：≤10张
2、手术切片：≤5张",/
223,RSPM2023025,LK292,OncoCompass? Plus血浆版,/,"全血：
2ml＜M＜6ml，警戒
M≤2ml，不合格","1、筛选期：路径a
2、访视期：路径b",/,/
224,RSPM2022051,LK521,OncoScreen? WES,/,/,"1、暂存等通知
2、如有HE片，直接流转用于病理评估",/,/
225,RSPM2022051,LK335,全转录组测序(WTS),/,/,"1、暂存等通知
2、如有HE片，直接流转用于病理评估",/,/
226,RSPM2022051,LK522,朗微?-MRD,/,"全血：
M＜0.2ml，不合格",暂存等通知,/,/
227,RSPM2023024,LK291,OncoScreen? Plus组织版,/,/,暂存等通知,/,/
228,RSPM2023024,LK601,OncoRNA,/,/,暂存等通知,/,/
229,RSPM2023020,LK291,OncoScreen? Plus组织版,/,/,暂存等通知,/,/
230,RSPM2023020,LK335,全转录组测序(WTS),/,/,暂存等通知,/,/
231,RSPM2023009,LK300,OncoCompass? Plus血浆定制版,"1、筛选期：由实验室贴M码
2、入组样本：由实验室根据PM提供的信息表贴标签","全血：
M＞1管，不合格
2ml＜M＜6ml，警戒
M≤2ml，不合格","1、筛选期，全血：路径a
2、入组期，血浆：路径b",/,/
232,RSPM2023002,LK296,OncoScreen? Plus CDx组织版,/,"全血：
M＞2ml，不合格
M＜0.2ml，不合格",/,/,/
233,RSPS2023001,LK291,OncoScreen? Plus组织版,/,"N＞15张需反馈
穿刺切片：
5张＜N＜8张，警戒
N≤5张，不合格
手术切片：
N≤2张，不合格
单例前瞻性检测出报告，批量回顾性检测不出","1、单例前瞻性检测：路径a
2、批量回顾性检测：暂存等通知",≤15张,/
234,RSPS2023001,LK106,燃石朗清? CDx血浆版,/,"全血：
M＜5ml，不合格
单例前瞻性检测出报告，批量回顾性检测不出","1、单例前瞻性检测：路径a
2、批量回顾性检测：暂存等通知",/,/
235,RSPM2022028,LK262,燃石朗克? CDx组织版,/,"N＞15张需反馈
穿刺切片：
N＜5张，不合格
手术切片：
N＜3张，不合格",/,"1、穿刺切片：≤15张
2、手术切片：≤10张",/
236,RSPM2022028,LK106,燃石朗清? CDx血浆版,/,"全血：
M＜5ml，不合格",/,/,/
237,RSPM2022054,LK291,OncoScreen? Plus组织版,/,"主研究：
N＞10张需反馈
穿刺切片：
5张＜N＜8张，警戒
N≤5张，不合格
手术切片：
N≤2张，不合格

探索性研究：
N＞7张需反馈
穿刺切片：
5张＜N＜7张，警戒
N≤5张，不合格
手术切片：
N≤2张，不合格","1、筛选期：路径a
2、入组期：路径b","1、主研究：≤10张
2、探索性研究：≤7张",/
238,RSPM2022054,LK292,OncoCompass? Plus血浆版,/,"全血：
M＜0.2ml，不合格","1、筛选期：路径a
2、入组期：路径b",/,/
239,RSPM2021020,LK170,燃石朗清?组织版,/,"N＞10张需反馈
穿刺切片：
5张＜N＜8张，警戒
N≤5张，不合格
手术切片：
N≤2张，不合格",/,≤10张,/
240,RSPM2021020,LK167,燃石朗清?血浆版,/,"全血：
2ml＜M＜6ml，警戒
M≤2ml，不合格",/,/,/
241,RSPM2022055,LK533,燃卫宁? RNA,/,"N＞10张需反馈
穿刺切片：
5张＜N＜8张，警戒
N≤5张，不合格
手术切片：
N≤2张，不合格

全血：
M≥3ml或2d＜T≤3d，警戒
M＜3ml或T＞3d，不合格
运输条件2℃~8℃温控","1、切片：暂存等通知
2、全血：暂存等通知",切片：≤10张,/
242,RSPM2022055,LK534,燃卫宁? DNA,/,"N＞10张需反馈
穿刺切片：
5张＜N＜8张，警戒
N≤5张，不合格
手术切片：
N≤2张，不合格

全血：
M≥3ml或2d＜T≤3d，警戒
M＜3ml或T＞3d，不合格
运输条件2℃~8℃温控","1、切片：暂存等通知
2、全血：暂存等通知",切片：≤10张,/
243,RSPM2022055,LK292,OncoCompass? Plus血浆版,/,"全血：
2ml＜M＜6ml或3d＜T≤7d，警戒
M≤2ml或T＞7d，不合格",暂存等通知,/,/
244,RSPM2022053,LK262,燃石朗克? CDx组织版,/,"N＞10张需反馈
穿刺切片：
5张＜N＜8张，警戒
N≤5张，不合格
手术切片：
N≤2张，不合格",/,≤10张,/
245,RSPM2022053,LK291,OncoScreen? Plus组织版,/,"N＞10张需反馈
穿刺切片：
5张＜N＜8张，警戒
N≤5张，不合格
手术切片：
N≤2张，不合格",/,≤10张,/
246,RSPM2022053,LK292,OncoCompass? Plus血浆版,/,"全血：
2ml＜M＜6ml，警戒
M≤2ml，不合格",/,/,/
247,RSPM2022049,LK512,myChoice HRD Plus,/,"穿刺切片：
N＞20张需反馈
5张＜N＜8张，警戒
N≤5张，不合格
手术切片：
N＞8张需反馈
N≤2张，不合格",/,"1、穿刺切片：≤20张
2、手术切片：≤8张",/
248,RSPM2022049,LK335,全转录组测序(WTS),/,"穿刺切片：
N＞20张需反馈
5张＜N＜8张，警戒
N≤5张，不合格
手术切片：
N＞8张需反馈
N≤2张，不合格",/,"1、穿刺切片：≤20张
2、手术切片：≤8张",/
249,RSPM2022052,LK291,OncoScreen? Plus组织版,/,"N＞15张需反馈
穿刺切片：
5张＜N＜8张，警戒
N≤5张，不合格
手术切片：
N≤2张，不合格",需双提,"1、穿刺切片：≤15张
2、手术切片：8张",/
250,RSPM2022052,LK601,OncoRNA,/,"N＞15张需反馈
穿刺切片：
5张＜N＜8张，警戒
N≤5张，不合格
手术切片：
N≤2张，不合格",需双提,"1、穿刺切片：≤15张
2、手术切片：8张",/
251,RSPM2022047,LK291,OncoScreen? Plus组织版,/,"N＞15张需反馈
穿刺切片：
5张＜N＜8张，警戒
N≤5张，不合格
手术切片：
N≤2张，不合格",需双提,"1、穿刺切片：≤15张
2、手术切片：8张",/
252,RSPM2022047,LK601,OncoRNA,/,"N＞15张需反馈
穿刺切片：
5张＜N＜8张，警戒
N≤5张，不合格
手术切片：
N≤2张，不合格",需双提,"1、穿刺切片：≤15张
2、手术切片：8张",/
253,RSPM2022047,LK292,OncoCompass? Plus血浆版,/,"全血：
M＞1管，不合格
2ml＜M＜6ml，警戒
M≤2ml，不合格",/,/,/
254,RSPM2022005,LK291,OncoScreen? Plus组织版,/,"N＞10张需反馈
穿刺切片：
5张＜N＜8张，警戒
N≤5张，不合格
手术切片：
N≤2张，不合格",暂存等通知,≤10张,/
255,RSPM2022005,LK340,捕获转录组测序(Capture-WTS),/,"N＞10张需反馈
穿刺切片：
5张＜N＜8张，警戒
N≤5张，不合格
手术切片：
N≤2张，不合格",暂存等通知,≤10张,/
256,RSPM2022005,LK292,OncoCompass? Plus血浆版,/,"全血：
2ml＜M＜6ml，警戒
M≤2ml，不合格",暂存等通知,/,/
257,RSPM2022012,LK291,OncoScreen? Plus组织版,/,"N＞10张需反馈
穿刺切片：
5张＜N＜8张，警戒
N≤5张，不合格
手术切片：
N≤2张，不合格",/,≤10张,/
258,RSPM2022012,LK167,燃石朗清?血浆版,/,"全血：
2ml＜M＜6ml，警戒
M≤2ml，不合格",/,/,/
259,RSPM2022036,LK103,朗康?组织版,/,"N＞10张需反馈
穿刺切片：
5张＜N＜8张，警戒
N≤5张，不合格
手术切片：
N≤2张，不合格","1、筛选期（子宫内膜癌队列）：路径a
2、筛选期（非子宫内膜癌队列）：暂存等通知",≤10张,/
260,RSPM2022036,LK292,OncoCompass? Plus血浆版,/,"全血：
2ml＜M＜6ml，警戒
M≤2ml，不合格",暂存等通知,/,/
261,RSPM2022034,LK101,燃石朗克?组织版,由实验室根据PM提供的信息表贴标签,"N＞10张需反馈
穿刺切片：
5张＜N＜8张，警戒
N≤5张，不合格
手术切片：
N≤2张，不合格",暂存等通知,≤10张,/
262,RSPM2022034,LK167,燃石朗清?血浆版,由实验室根据PM提供的信息表贴标签,/,暂存等通知,/,/
263,RSPM2022031,LK291,OncoScreen? Plus组织版,/,"N＞10张需反馈
穿刺切片：
5张＜N＜8张，警戒
N≤5张，不合格
手术切片：
N≤2张，不合格

N含HE片",暂存等通知,≤10张,/
264,RSPM2022031,LK167,燃石朗清?血浆版,/,"全血：
2ml＜M＜6ml，警戒
M≤2ml，不合格",暂存等通知,/,/
265,RSPS2021022,LK521,OncoScreen? WES,/,"Part I：
N＞16张需反馈
穿刺切片：
5张＜N＜8张，警戒
N≤5张，不合格
手术切片：
N≤2张，不合格

Part II：
N＞10张需反馈
穿刺切片：
5张＜N＜8张，警戒
N≤5张，不合格
手术切片：
N≤2张，不合格

N含HE片

全血：
M＜0.2ml，不合格","1、切片：暂存等通知
2、全血：暂存等通知","1、Part I：
穿刺切片：
N≥16张，流转12张
12张≤N＜16张，流转N-3张
N＜12张，全部流转
手术切片：
N≥16张，流转12张
8张≤N＜16张，流转N-3张
N＜8张，全部流转

2、Part II：
切片：≤10张",/
266,RSPS2021022,LK523,OncoScreen? WES,/,"N＞16张需反馈
穿刺切片：
5张＜N＜8张，警戒
N≤5张，不合格
手术切片：
N≤2张，不合格

N含HE片",暂存等通知,"1、穿刺切片：
N≥16张时，流转12张
12张＜N＜16张时，流转N-3张
N＜12张时，全部流转
2、手术切片：
N≥16张时，流转12张
8张＜N＜16张时，流转N-3张
N＜8张时，全部流转",/
267,RSPS2021022,LK046,ATM,/,"LK046和LK047共用1张HE片

N含HE片",暂存等通知,≤2张,/
268,RSPS2021022,LK047,ARID1A,/,"LK046和LK047共用1张HE片

N含HE片",暂存等通知,≤2张,/
269,RSPS2021022,LK522,朗微?-MRD,/,"全血：
M＞2管，不合格
8ml≤M＜16ml，警戒
M＜8ml，不合格",暂存等通知,/,/
270,RSPS2021022,LK292,OncoCompass? Plus血浆版,/,"全血：
M＞1管，不合格
2ml＜M＜6ml，警戒
M≤2ml，不合格",暂存等通知,/,/
271,RSPM2022033,LK291,OncoScreen? Plus组织版,/,"N＞10张需反馈
穿刺切片：
5张＜N＜8张，警戒
N≤5张，不合格
手术切片：
N≤2张，不合格",/,≤10张,/
272,RSPM2022033,LK032,IHC/FISH定制版,/,外送检测，不需审核,/,/,/
273,RSPM2022033,LK292,OncoCompass? Plus血浆版,/,"全血：
2ml＜M＜6ml，警戒
M≤2ml，不合格","1、筛选期：路径a
2、探索性研究：路径b",/,/
274,RSPM2021008,LK167,燃石朗清?血浆版,/,"全血：
T＞3d需反馈
2ml＜M＜6ml，警戒
M≤2ml，不合格",/,/,/
275,RSPM2025016,LK534,燃卫宁? DNA,/,"全血：
M≥3ml或2d＜T≤3d，警戒
M＜3ml或T＞3d，不合格
运输条件2℃~8℃温控","1、全血样本：路径b
2、白细胞&外送DNA：暂存等通知",/,/
276,RSPM2025016,LK533,燃卫宁? RNA,/,"全血：
M≥3ml或2d＜T≤3d，警戒
M＜3ml或T＞3d，不合格
运输条件2℃~8℃温控","1、全血样本：路径b
2、白细胞&外送DNA：暂存等通知",/,/
277,RSPM2025025,LK030,KRAS,/,"切片：
N＞10张需反馈
N＜5张，不合格",暂存等通知,≤10张,/
278,RSPS2025002,LK309,OncoScreen? Plus组织版,/,"切片：
N＞10张需反馈
N≤2张，不合格",路径b,≤10张,/
279,RSPM2022018,LK521,OncoScreen? WES,/,"N＞5张需反馈
穿刺切片：
2张＜N＜5张，警戒
N≤2张，不合格
手术切片：
N≤2张，不合格",暂存等通知,≤5张,/
280,RSPM2022018,LK335,全转录组测序(WTS),/,"N＞5张需反馈
穿刺切片：
2张＜N＜5张，警戒
N≤2张，不合格
手术切片：
N≤2张，不合格",暂存等通知,≤5张,/
281,RSPM2022017,LK291,OncoScreen? Plus组织版,/,"N＞9张需反馈
穿刺切片：
5张＜N＜8张，警戒
N≤5张，不合格
手术切片：
N≤2张，不合格",暂存等通知,≤9张,/
282,RSPM2022017,LK361,PD-L1(22c3),/,"切片：
N＞3张需反馈
N＜2张，不合格",暂存等通知,≤3张,/
283,RSPM2022017,LK292,OncoCompass? Plus血浆版,/,"全血：
2ml＜M＜6ml，警戒
M≤2ml，不合格",暂存等通知,/,/
284,RSPL2022008,LK101,燃石朗克?组织版,/,"N＞10张需反馈
穿刺切片：
5张＜N＜8张，警戒
N≤5张，不合格
手术切片：
N≤2张，不合格",路径b,≤10张,/
285,RSPM2022022,LK291,OncoScreen? Plus组织版,/,"N＞8张需反馈
穿刺切片：
5张＜N＜8张，警戒
N≤5张，不合格
手术切片：
N≤2张，不合格",/,≤8张,/
286,RSPM2022024,LK101,燃石朗克?组织版,/,"N＞8张需反馈
穿刺切片：
N＜5张，不合格
手术切片：
N≤2张，不合格",暂存等通知,≤8张,/
287,RSPM2022024,LK291,OncoScreen? Plus组织版,/,"N＞8张需反馈
穿刺切片：
N＜5张，不合格
手术切片：
N≤2张，不合格",暂存等通知,≤8张,/
288,RSPM2022024,LK292,OncoCompass? Plus血浆版,/,"全血：
2ml＜M＜6ml，警戒
M≤2ml，不合格",暂存等通知,/,/
289,RSPM2022026,LK292,OncoCompass? Plus血浆版,/,"血浆：
1ml＜M＜3ml，警戒
M≤1ml，不合格

白细胞：
M＜0.2ml，不合格",暂存等通知,/,/
290,RSPM2022025,LK262,燃石朗克? CDx组织版,/,"N＞10张需反馈
穿刺切片：
N≤8张，不合格
手术切片：
N≤2张，不合格",/,≤10张,/
291,RSPM2022025,LK292,OncoCompass? Plus血浆版,/,"全血：
2ml＜M＜6ml，警戒
M≤2ml，不合格

血浆
1ml＜M＜3ml，警戒
M≤1ml，不合格",/,/,/
292,RSPM2022003,LK291,OncoScreen? Plus组织版,/,"N＞10张需反馈
穿刺切片：
N≤5张，不合格
手术切片：
N≤2张，不合格

N含HE片",/,"1、穿刺切片：≤10张
2、手术切片：≤5张",/
293,RSPM2022003,LK292,OncoCompass? Plus血浆版,/,"全血：
2ml＜M＜6ml，警戒
M≤2ml，不合格",/,/,/
294,RSPM2021003,LK170,燃石朗清?组织版,/,"N＞10张需反馈
穿刺切片：
5张＜N＜8张，警戒
N≤5张，不合格
手术切片：
N≤2张，不合格",暂存等通知,≤10张,/
295,RSPM2021003,LK167,燃石朗清?血浆版,/,"全血：
2ml＜M＜6ml，警戒
M≤2ml，不合格",暂存等通知,/,/
296,RSPM2022013,LK521,OncoScreen? WES,/,"仅检测LK521：
N＞10张需反馈
穿刺切片：
5张≤N＜10张，警戒
N＜5张，不合格
手术切片：
2张≤N＜5张，警戒
N＜2张，不合格

检测LK521LK021LK170：
N＞20张需反馈
穿刺切片：
12张≤N＜15张，警戒
N＜12张，不合格
手术切片：
2张≤N＜7张，警戒
N＜2张，不合格

LK521LK021LK170共用样本

全血：
M＞2管，不合格
8ml≤M＜16ml，警戒
M＜8ml，不合格","1、切片：
基线期：路径a
筛选期：路径b
备注有“手术后组织样本，仅保存，暂无检测项目”：暂存等通知
2、全血：
检测申请单EGFR状态未知：路径b
检测申请单EGFR状态阳性：路径a","切片：
1、仅检测LK521：≤10张
2、检测LK521LK021LK170：≤20张
",/
297,RSPM2022013,LK021,EGFR,/,"N＞20张需反馈
穿刺切片：
12张≤N＜15张，警戒
N＜12张，不合格
手术切片：
2张≤N＜7张，警戒
N＜2张，不合格

LK521LK021LK170共用样本",/,≤20张,/
298,RSPM2022013,LK170,燃石朗清?组织版,/,"N＞20张需反馈
穿刺切片：
12张≤N＜15张，警戒
N＜12张，不合格
手术切片：
2张≤N＜7张，警戒
N＜2张，不合格

LK521LK021LK170共用样本",/,≤20张,/
299,RSPM2022013,LK183,燃小安?,/,"全血：
M＜8ml，不合格",/,/,/
300,RSPM2022013,LK522,朗微?-MRD,/,"全血：
M＞2管，不合格
8ml≤M＜16ml，警戒
M＜8ml，不合格","1、基线期：检测申请单EGFR状态未知：路径b
2、基线期：检测申请单EGFR状态阳性：路径a
3、非基线期：路径a",2管,/
301,RSPS2022004,LK291,OncoScreen? Plus组织版,/,"N＞15张需反馈
穿刺切片：
5张＜N＜8张，警戒
N≤5张，不合格
手术切片：
N≤2张，不合格
筛选期组织出，其余不出","1、筛选期：路径a
2、其余访视节点：暂存等通知",≤15张,/
302,RSPS2022004,LK167,燃石朗清?血浆版,/,"全血：
2ml＜M＜6ml，警戒
M≤2ml，不合格
不出报告","1、筛选期：路径a
2、其余访视节点：暂存等通知",/,/
303,RSPS2022004,LK106,燃石朗清? CDx血浆版,/,"全血：
M≤5ml，不合格
出报告","1、筛选期：路径a
2、其余访视节点：暂存等通知",/,/
304,RSPM2021012,LK521,OncoScreen? WES,/,"N＞10张需反馈
穿刺切片：
5张＜N＜10张，警戒
N≤5张，不合格
手术切片：
2张＜N＜6张，警戒
N≤2张，不合格",暂存等通知,"1、穿刺切片：10张
2、手术切片：≤10张",/
305,RSPM2021012,LK522,朗微?-MRD,/,"白细胞：
M＜0.2ml，不合格",暂存等通知,/,/
306,RSPS2022006,LK291,OncoScreen? Plus组织版,/,"N＞10张需反馈
穿刺切片：
5张＜N＜8张，警戒
N≤5张，不合格
手术切片：
N≤2张，不合格
筛选期样本出报告，其余不出","1、CTA入排：路径a
2、探索性研究&Local入组：暂存等通知",≤10张,/
307,RSPS2022006,LK167,燃石朗清?血浆版,/,"全血：
2ml＜M＜6ml，警戒
M≤2ml，不合格
筛选期样本出报告，其余不出","1、CTA入排：路径a
2、探索性研究和Local入组：暂存等通知",/,/
308,RSPM2022002,LK167,燃石朗清?血浆版,/,"全血：
2ml/管＜M＜6ml/管，警戒
M≤2ml/管，不合格",暂存等通知,/,/
309,RSPM2021005,LK524,OncoScreen? WES定制版,由实验室根据PM提供的信息表贴标签,"切片：
N＜1张，不合格",暂存等通知,/,/
310,RSPM2021005,LK291,OncoScreen? Plus组织版,由实验室根据PM提供的信息表贴标签,"切片：
N＜1张，不合格",暂存等通知,/,/
311,RSPM2021005,LK601,OncoRNA,由实验室根据PM提供的信息表贴标签,"切片：
N＜1张，不合格",暂存等通知,/,/
312,RSPM2021005,LK292,OncoCompass? Plus血浆版,由实验室根据PM提供的信息表贴标签,/,暂存等通知,/,/
313,RSPM2022004,LK523,OncoScreen? WES,/,"N＞10张需反馈
穿刺切片：
5张＜N＜8张，警戒
N≤5张，不合格
手术切片：
N≤2张，不合格",暂存等通知,≤10张,/
314,RSPM2022004,LK041,MAP-BR定制版,/,"N＞10张需反馈
穿刺切片：
5张＜N＜8张，警戒
N≤5张，不合格
手术切片：
N≤2张，不合格",暂存等通知,≤10张,/
315,RSPM2022004,LK335,全转录组测序(WTS),/,"N＞10张需反馈
穿刺切片：
5张＜N＜8张，警戒
N≤5张，不合格
手术切片：
N≤2张，不合格",暂存等通知,≤10张,/
316,RSPM2022009,LK297,OncoScreen? Plus CDx组织版,/,"N＞10张需反馈
穿刺切片：
N≤8张，不合格
手术切片：
N≤2张，不合格

全血：
M＜0.2ml，不合格",/,切片：≤10张,/
317,RSPS2021016,LK167,燃石朗清?血浆版,/,"全血：
T＞3d需反馈
2ml＜M＜6ml，警戒
M≤2ml，不合格
生物标志物预筛选样本出报告；其他访视节点不出",路径a,/,/
318,RSPM2021014,LK291,OncoScreen? Plus组织版,/,"穿刺切片：
N≤5张，不合格
手术切片：
N＞5张需反馈
N≤2张，不合格",暂存等通知,/,/
319,RSPM2021014,LK292,OncoCompass? Plus血浆版,/,/,暂存等通知,/,/
320,RSPM2021016,LK291,OncoScreen? Plus组织版,/,"N＞15张需反馈
穿刺切片：
5张＜N≤10张，警戒
N≤5张，不合格
手术切片：
2张＜N≤5张，警戒
N≤2张，不合格",暂存等通知,N-2张且≤13张,/
321,RSPM2021016,LK601,OncoRNA,/,"N＞15张需反馈
穿刺切片：
5张＜N≤10张，警戒
N≤5张，不合格
手术切片：
2张＜N≤5张，警戒
N≤2张，不合格",暂存等通知,N-2张且≤13张,/
322,RSPM2021016,LK041,MAP-BR定制版,/,"N＞15张需反馈
穿刺切片：
5张＜N≤10张，警戒
N≤5张，不合格
手术切片：
2张＜N≤5张，警戒
N≤2张，不合格",暂存等通知,2张,/
323,RSPM2021016,LK292,OncoCompass? Plus血浆版,/,"全血：
2ml＜M＜6ml，警戒
M≤2ml，不合格",暂存等通知,/,/
324,RSPS2022001,LK513,myChoice HRD Plus,由实验室贴M码,"切片：
N＞15张需反馈
N＜6张，不合格",路径a,≤15张,/
325,RSPM2021017,LK291,OncoScreen? Plus组织版,/,"穿刺切片：
4张＜N＜7张，警戒
N≤4张，不合格
手术切片：
N≤1张，不合格",暂存等通知,≤7张,/
326,RSPM2021017,LK524,OncoScreen? WES定制版,/,"穿刺切片：
4张＜N＜7张，警戒
N≤4张，不合格
手术切片：
N≤1张，不合格",暂存等通知,≤7张,/
327,RSPM2021017,LK521,OncoScreen? WES,/,"穿刺切片：
4张＜N＜7张，警戒
N≤4张，不合格
手术切片：
N≤1张，不合格",暂存等通知,≤7张,/
328,RSPM2021017,LK601,OncoRNA,/,"穿刺切片：
4张＜N＜7张，警戒
N≤4张，不合格
手术切片：
N≤1张，不合格",暂存等通知,≤7张,/
329,RSPM2021017,LK522,朗微?-MRD,/,/,暂存等通知,/,/
330,RSPM2021017,LK292,OncoCompass? Plus血浆版,/,/,暂存等通知,/,/
331,RSPS2021018,LK262,燃石朗克? CDx组织版,/,"N＞10张需反馈
穿刺切片：
N＜5张，不合格
手术切片：
N＜2张，不合格","1、筛选期：路径a
2、其余访视节点：暂存等通知",≤10张,/
332,RSPS2021018,LK106,燃石朗清? CDx血浆版,/,"全血：
M＜5ml，不合格
运输条件：15~25℃温控","1、筛选期：路径a
2、其余访视节点：暂存等通知",/,/
333,RSPS2021018,LK101,燃石朗克?组织版,/,"胸水：
X≤3ml，不合格
运输条件：15~25℃温控","1、筛选期：路径a
2、其余访视节点：暂存等通知",/,/
334,RSPS2021007,LK262,燃石朗克? CDx组织版,/,"N＞15张需反馈
穿刺切片：
N＜5张，不合格
手术切片：
N＜3张，不合格
运输条件：10~30℃温控","1、备注为II期：路径a
2、其他：暂存等通知",≤15张,/
335,RSPS2021007,LK170,燃石朗清?组织版,/,"N＞10张需反馈
穿刺切片：
N＜5张，不合格
手术切片：
N＜3张，不合格
运输条件：常温无温控","1、备注为II期：路径a
2、其他：暂存等通知",≤10张,/
336,RSPS2021007,LK167,燃石朗清?血浆版,/,"全血：
2ml＜M＜6ml，警戒
M≤2ml，不合格
运输条件：常温无温控",暂存等通知,/,/
337,RSPS2021004,LK294,OncoScreen? Plus CDx组织版,/,"N＞10张需反馈
穿刺切片：
N＜5张，不合格
手术切片：
N＜2张，不合格",路径a,≤10张,/
338,RSPS2020017,LK291,OncoScreen? Plus组织版,/,"N＞10张需反馈
穿刺切片：
5张＜N＜8张，警戒
N≤5张，不合格
手术切片：
N≤2张，不合格","1、I期、II期Cohort 2、Cohort 4、Cohort 5：暂存等通知
2、Ⅱ期Cohort 1：需双提：
勾选LK601：LK291路径b，LK601路径a
勾选LK291：LK291路径a，LK601路径b","1、I期、II期Cohort 1：≤10张
2、Ⅱ期Cohort 2、Cohort 4、Cohort 5：
穿刺样本：≤10张
手术样本：5张",/
339,RSPS2020017,LK601,OncoRNA,/,"N＞10张需反馈
穿刺切片：
5张＜N＜8张，警戒
N≤5张，不合格
手术切片：
N≤2张，不合格","1、I期：暂存等通知
2、Ⅱ期Cohort 1：需双提：
勾选LK601：LK291路径b，LK601路径a
勾选LK291：LK291路径a，LK601路径b",≤10张,/
340,RSPS2020017,LK262,燃石朗克? CDx组织版,/,"N＞10张需反馈
穿刺切片：
N＜5张，不合格
手术切片：
N＜2张，不合格",暂存等通知,≤10张,/
341,RSPS2020017,LK167,燃石朗清?血浆版,/,"全血：
M＞10ml，不合格
2ml＜M＜6ml，警戒
M≤2ml，不合格",暂存等通知,/,/
342,RSPS2019005,LK291,OncoScreen? Plus组织版,/,"N＞10张需反馈
穿刺切片：
N＜6张，不合格
手术切片：
N＜3张，不合格",暂存等通知,≤10张,/
343,RSPS2024005,LK262,燃石朗克? CDx组织版,/,"N＞10张需反馈
穿刺切片：
N＜5张，不合格
手术切片：
N＜2张，不合格",暂存等通知,≤10张,/
344,RSPS2024005,LK380,TruSight Oncology 500 DNA,/,/,暂存等通知,/,/
345,RSPS2024005,LK106,燃石朗清? CDx血浆版,/,/,暂存等通知,/,/
346,RSPM2025039,LK291,OncoScreen? Plus组织版,由实验室根据PM提供的信息表贴标签,"N＞10张需反馈
穿刺切片：
N＜8张，不合格
手术切片：
N＜2张，不合格",暂存等通知,≤10张,/
347,RSPM2025039,LK292,OncoCompass? Plus血浆版,由实验室根据PM提供的信息表贴标签,/,暂存等通知,/,/
348,RSPM2025038,LK311,OncoCompass? Plus血浆版,/,"全血：
2ml/管＜M＜6ml/管，警戒
M≤2ml/管，不合格",/,/,/
349,RSPM2025036,LK524,OncoScreen? WES定制版,/,/,暂存等通知,/,/
350,RSPM2025036,LK091,RNA提取,/,/,暂存等通知,/,/
351,RSPM2025036,LK292,OncoCompass? Plus血浆版,/,/,暂存等通知,/,/
352,RSPM2025042,LK101,燃石朗克?组织版,/,"N＞5张需反馈
穿刺切片：
N≤4张，不合格
手术切片：
N≤2张，不合格",/,"1、穿刺切片：5张
2、手术切片：≤5张",/
353,RSPM2025042,LK167,燃石朗清?血浆版,/,"全血：
M＜6ml，不合格",/,/,/
354,RSPM2025043,LK291,OncoScreen? Plus组织版,/,"N＞10张需反馈
穿刺切片：
5张＜N＜8张，警戒
N≤5张，不合格
手术切片：
N≤2张，不合格",/,≤10张,/
355,RSPM2025015,LK291,OncoScreen? Plus组织版,/,"（Pre-）SCRNTS筛选期组织：
N＞15张需反馈
穿刺切片：
5张＜N＜8张，警戒
N≤5张，不合格
手术切片：
N≤2张，不合格

【PR/PD】探索性组织：
N＞10张需反馈
穿刺切片：
5张＜N＜8张，警戒
N≤5张，不合格
手术切片：
N≤2张，不合格","1、国内样本：
“是”出报告：路径a
“否”出报告：暂存等通知
2、国外样本：暂存等通知","1、（Pre-）SCRNTS筛选期组织：≤15张
2、【PR/PD】探索性组织：≤10张",/
356,RSPM2025015,LK292,OncoCompass? Plus血浆版,/,/,"1、国内样本：
“是”出报告：路径a
“否”出报告：路径b
2、国外样本：暂存等通知",/,/
357,RSPM2025013,LK291,OncoScreen? Plus组织版,/,"N＞10张需反馈
穿刺切片：
5张＜N＜8张，警戒
N≤5张，不合格
手术切片：
N≤2张，不合格

白细胞：
M＜0.2ml，不合格",/,≤10张,/
358,RSPM2025035,LK361,PD-L1(22c3),/,"切片：
N＜2张，不合格",暂存等通知,≤5张,/
359,RSPM2024021,LK292,OncoCompass? Plus血浆版,由实验室根据PM提供的信息表贴标签,/,暂存等通知,/,/
360,RSPM2022050,LK167,燃石朗清?血浆版,由实验室根据PM提供的信息表贴标签,/,暂存等通知,/,/
361,RSPM2024071,LK167,燃石朗清?血浆版,由实验室根据PM提供的信息表贴标签,/,暂存等通知,/,/
362,RSPM2023017,LK291,OncoScreen? Plus组织版,由实验室根据PM提供的信息表贴标签,"N＞10张需反馈
穿刺切片：
5张≤N＜8张，警戒
N＜5张，不合格
手术切片：
N＜2张，不合格

LK291、LK340和LK041共用1张HE片","1、切片：-15℃~ -25℃暂存等通知
2、全血：暂存等通知",切片：≤10张,/
363,RSPM2023017,LK340,捕获转录组测序(Capture-WTS),由实验室根据PM提供的信息表贴标签,"N＞10张需反馈
穿刺切片：
5张≤N＜8张，警戒
N＜5张，不合格
手术切片：
N＜2张，不合格

LK291、LK340和LK041共用1张HE片",-15℃~ -25℃暂存等通知,≤10张,/
364,RSPM2023017,LK041,MAP-BR定制版,由实验室根据PM提供的信息表贴标签,"切片：
N＞3 张，不合格
N=2 张需反馈
N＜2 张，不合格

LK291、LK340和LK041共用1张HE片",-15℃~ -25℃暂存等通知,3张,/
365,RSPM2022007,LK167,燃石朗清?血浆版,由实验室根据PM提供的信息表贴标签,/,暂存等通知,/,/
366,RSPM2022032,LK167,燃石朗清?血浆版,由实验室根据PM提供的信息表贴标签,/,/,/,/
367,RSPM2023053,LK292,OncoCompass? Plus血浆版,由实验室根据PM提供的信息表贴标签,/,暂存等通知,/,/
368,RSPS2021015,LK106,燃石朗清? CDx血浆版,/,/,暂存等通知,/,/
369,RSPS2020010,LK291,OncoScreen? Plus组织版,/,/,"1、疾病进展期：路径a
2、基线期：路径b",/,无SSP
370,RSPS2020010,LK167,燃石朗清?血浆版,/,/,"1、疾病进展期：路径a
2、基线期：路径b",/,无SSP
371,RSPL2021003,LK021,EGFR,/,/,路径a,"1、穿刺切片：10张
2、手术切片：5张",无SSP
372,RSPL2021003,LK081,EGFR-ddPCR,/,/,"1、组织：路径a
2、全血：路径b","1、穿刺切片：10张
2、手术切片：5张",无SSP
373,RSPL2021003,LK170,燃石朗清?组织版,/,/,路径a,"1、穿刺切片：10张
2、手术切片：5张",无SSP
374,RSPL2021003,LK167,燃石朗清?血浆版,/,/,路径b,/,无SSP
375,RSPL2021004,LK021,EGFR,/,/,路径a,"1、穿刺切片：10张
2、手术切片：5张",无SSP
376,RSPL2021004,LK081,EGFR-ddPCR,/,/,"1、组织：路径a
2、全血：路径b","1、穿刺切片：10张
2、手术切片：5张",无SSP
377,RSPL2021004,LK170,燃石朗清?组织版,/,/,路径a,"1、穿刺切片：10张
2、手术切片：5张",无SSP
378,RSPL2021004,LK167,燃石朗清?血浆版,/,/,路径b,/,无SSP
379,RSPL2021006,LK291,OncoScreen? Plus组织版,/,/,路径a,/,无SSP
380,RSPL2021006,LK292,OncoCompass? Plus血浆版,/,/,路径a,/,无SSP
381,RSPL2022006,LK041,MAP-BR定制版,/,"1.每例送检10张切片，到位后3张保存在-20℃；7张常温保存；
2.-20℃保存的3张切片，批量外送进行MAP检测",暂存等通知,/,无SSP
382,RSPM2025022,LK294,OncoScreen? Plus CDx组织版,由实验室根据PM提供的信息表贴标签,"切片：
N＞10张需反馈
N＜2 张，不合格

LK294和LK340共用样本",/,≤10张,/
383,RSPM2025022,LK340,捕获转录组测序(Capture-WTS),由实验室根据PM提供的信息表贴标签,"切片：
N＞10张需反馈
N＜2 张，不合格

LK294和LK340共用样本",/,≤10张,/
384,RSPM2025022,LK195,燃石朗清?血浆升级版UMI,/,/,暂存等通知,/,/
385,RSPS2020019,LK291,OncoScreen? Plus组织版,/,/,暂存等通知,/,无SSP
386,RSPS2020019,LK292,OncoCompass? Plus血浆版,/,/,暂存等通知,/,无SSP
387,RSPM2025030,LK194,燃石朗清? Pro血浆版UMI,/,"全血：
M>1管，不合格
2ml＜M＜6ml，警戒
M≤2ml，不合格","1、全血：路径b
2、血浆、外送DNA：暂存等通知",/,/
388,RSPM2025041,LK170,燃石朗清?组织版,/,"N＞10张需反馈
穿刺切片：
5张＜N＜8张，警戒
N≤5张，不合格
手术切片：
N≤2张，不合格",暂存等通知,≤10张,/
389,RSPM2025041,LK167,燃石朗清?血浆版,/,"全血：
2ml＜M＜6ml，警戒
M≤2ml，不合格",/,/,/
390,RSPM2025046,LK170,燃石朗清?组织版,/,"穿刺切片：
N＞10张需反馈
5张＜N＜8张，警戒
N≤5张，不合格
手术切片：
N＞5张需反馈
N=2张，警戒
N＜2 张，不合格",暂存等通知,"1、穿刺切片：≤10张
2、手术切片：≤5张",/
391,RSPM2025046,LK167,燃石朗清?血浆版,/,/,暂存等通知,/,/
392,RSPM2024045,LK527,OncoScreen? WES,由实验室根据PM提供的信息表贴标签,"N＞12张需反馈
穿刺切片：
5张＜N＜8张，警戒
N≤5张，不合格
手术切片：
N≤2张，不合格

N含HE片

全血：
M ＜0.2ml，不合格","1、切片：2℃~8℃暂存等通知
2、全血：暂存等通知",切片：≤12张,/
393,RSPM2024045,LK340,捕获转录组测序(Capture-WTS),由实验室根据PM提供的信息表贴标签,"N＞12张需反馈
穿刺切片：
5张＜N＜8张，警戒
N≤5张，不合格
手术切片：
N≤2张，不合格

N含HE片",2℃~8℃暂存等通知,≤12张,/
394,RSPM2025045,LK205,燃石利清?组织版,/,"N＞10张需反馈
穿刺切片：
5张＜N＜8张，警戒
N≤5张，不合格
手术切片：
N≤2张，不合格",暂存等通知,≤10张,/
395,RSPM2025044,LK170,燃石朗清?组织版,/,"N＞10张需反馈
穿刺切片：
5张＜N＜8张，警戒
N≤5张，不合格
手术切片：
N≤2张，不合格",/,≤10张,/
396,RSPM2025044,LK167,燃石朗清?血浆版,/,"全血：
2ml＜M＜6ml，警戒
M≤2ml，不合格",/,/,/
397,RSPS2024004,LK262,燃石朗克? CDx组织版,/,到样后反馈,暂存等通知,/,无SSP
398,RSPL2023009,LK264,燃石朗克? CDx组织版,/,到样后反馈,暂存等通知,/,无SSP
399,RSPL2024001,LK525,OncoScreen? WES定制版,/,/,暂存等通知,/,无SSP
400,RSPL2024001,LK335,全转录组测序(WTS),/,/,暂存等通知,/,无SSP
401,RSPL2024003,LK167,燃石朗清?血浆版,/,/,暂存等通知,/,无SSP
402,RSKY2023065,LK291,OncoScreen? Plus组织版,/,/,/,/,无SSP
403,RSKY2023065,LK335,全转录组测序(WTS),/,/,"1、销售备注“转移灶”：路径a
2、其他：路径b",/,无SSP
404,RSPM2025052,LK291,OncoScreen? Plus组织版,/,"N＞10张需反馈
穿刺切片：
5张＜N＜8张，警戒
N≤5张，不合格
手术切片：
N≤2张，不合格",/,≤10张,/
405,RSPM2025052,LK340,捕获转录组测序(Capture-WTS),/,"N＞10张需反馈
穿刺切片：
5张＜N＜8张，警戒
N≤5张，不合格
手术切片：
N≤2张，不合格",/,≤10张,/
406,RSPM2025052,LK292,OncoCompass? Plus血浆版,/,"全血：
2ml＜M＜6ml，警戒
M≤2ml，不合格",/,/,/
407,RSPM2025053,LK291,OncoScreen? Plus组织版,/,"N＞10张需反馈
穿刺切片：
5张＜N＜8张，警戒
N≤5张，不合格
手术切片：
N≤2张，不合格",/,≤10张,/
408,RSPM2025053,LK340,捕获转录组测序(Capture-WTS),/,"N＞10张需反馈
穿刺切片：
5张＜N＜8张，警戒
N≤5张，不合格
手术切片：
N≤2张，不合格",/,≤10张,/
409,RSPM2025053,LK292,OncoCompass? Plus血浆版,/,"全血：
2ml＜M＜6ml，警戒
M≤2ml，不合格",/,/,/
410,RSPM2025024,LK527,OncoScreen? WES,/,"N＞12张需反馈
穿刺切片：
5张＜N＜8张，警戒
N≤5张，不合格
手术切片：
N≤2张，不合格

全血：
M＜0.2ml，不合格","1、切片：2℃~8℃暂存等通知
2、全血：暂存等通知",切片：≤12张,/
411,RSPM2025024,LK340,捕获转录组测序(Capture-WTS),/,"N＞12张需反馈
穿刺切片：
5张＜N＜8张，警戒
N≤5张，不合格
手术切片：
N≤2张，不合格",2℃~8℃暂存等通知,≤12张,/
412,RSPM2025031,LK101,燃石朗克?组织版,/,"N＞10张需反馈
穿刺切片：
5张＜N＜8张，警戒
N≤5张，不合格
手术切片：
N≤2张，不合格","1、到位即检：路径a
2、批量检测：暂存等通知",≤10张,/
413,RSPM2025031,LK167,燃石朗清?血浆版,/,"全血：
2ml＜M＜6ml，警戒
M≤2ml，不合格","1、到位即检：路径a
2、批量检测：路径b",/,/
414,RSPL2025011,LK170,燃石朗清?组织版,/,/,暂存等通知,/,/
415,RSPL2025011,LK550,OverC? Monitor-01,/,/,暂存等通知,/,/
416,RSPM2025051,LK170,燃石朗清?组织版,/,"N＞10张需反馈
穿刺切片：
5张＜N＜8张，警戒
N≤5张，不合格
手术切片：
N≤2张，不合格","1、探索研究：暂存等通知
2、主研究或主研究&探索研究：路径a",≤10张,/
417,RSTL2021023,LK521,OncoScreen? WES,/,/,暂存等通知,/,无SSP
418,RSKY2023018,LK521,OncoScreen? WES,/,"切片：
N≤5张，不合格",暂存等通知,/,无SSP
419,RSPM2025055,LK170,燃石朗清?组织版,/,"切片：
N≤2张，不合格",暂存等通知,/,/
420,RSPM2025055,LK167,燃石朗清?血浆版,/,到样后反馈,暂存等通知,/,/
421,RSPM2025054,LK291,OncoScreen? Plus组织版,/,"N＞10张需反馈
穿刺切片：
5张＜N＜8张，警戒
N≤5张，不合格
手术切片：
N≤2张，不合格

全血：
送检量>1管，不合格
M＜0.2ml，不合格",/,切片：≤10张,/
422,RSPM2025054,LK340,捕获转录组测序(Capture-WTS),/,"N＞10张需反馈
穿刺切片：
5张＜N＜8张，警戒
N≤5张，不合格
手术切片：
N≤2张，不合格",/,≤10张,/
423,RSPM2025037,LK309,OncoScreen? Plus组织版,/,到样后反馈,暂存等通知,/,/
424,RSPM2025056,LK340,捕获转录组测序(Capture-WTS),/,到样后反馈,暂存等通知,/,/
425,RSPM2025056,LK521,OncoScreen? WES,/,到样后反馈,暂存等通知,/,/
426,RSPM2025056,LK522,朗微?-MRD,/,到样后反馈,暂存等通知,/,/
427,RSPM2025058,LK167,燃石朗清?血浆版,/,到样后反馈,暂存等通知,/,/
428,RSPM2025059,LK194,燃石朗清? Pro血浆版UMI,/,"全血：
M＞1管，不合格
2ml＜M＜6ml，警戒
M≤2ml，不合格",/,/,/
429,RSPM2025061,LK291,OncoScreen? Plus组织版,/,到样后反馈,暂存等通知,/,/
430,RSPM2025061,LK091,RNA提取,/,到样后反馈,暂存等通知,/,/
431,RSPM2025061,LK293,OncoCompass? Plus血浆版,/,到样后反馈,暂存等通知,/,/
432,RSPM2025062,LK167,燃石朗清?血浆版,/,"全血：
M＜6ml，不合格

常温运送温控",暂存等通知,/,/
433,RSPM2025063,LK118,燃石馥康?组织版,/,"N＞10张需反馈
穿刺切片：
5张＜N＜8张，警戒
N≤5张，不合格
手术切片：
N≤2张，不合格",/,≤10张,/
434,RSPM2025063,LK206,燃石馥康?血浆版,/,"全血：
2ml＜M＜6ml，警戒
M≤2ml，不合格",/,/,/
435,RSPM2025065,LK291,OncoScreen? Plus组织版,/,"N＞10张需反馈
穿刺切片：
5张＜N＜8张，警戒
N≤5张，不合格
手术切片：
N≤2张，不合格

N含HE片；LK291和LK361共用1张HE片；
送检时间可能存在先后，将按照先送检的样本录单货号确认",暂存等通知,≤10张,/
436,RSPM2025065,LK361,PD-L1(22c3),/,"切片：
N≠3张需反馈

LK291和LK361共用1张HE片；
送检时间可能存在先后，将按照先送检的样本录单货号确认",暂存等通知,"=3张时,1张做检测,2张暂存;
=2张时。1张检测，1张暂存；
=1张时，1张检测",/
437,RSPM2025067,LK106,燃石朗清? CDx血浆版,/,到样后反馈,暂存等通知,/,/
438,RSKY2025028,LK340,捕获转录组测序(Capture-WTS),/,/,/,/,/
439,RSKY2025029,LK521,OncoScreen? WES,/,/,/,/,/
440,RSKY2025029,LK522,朗微?-MRD,/,/,/,/,/
441,RSPM2025069,LK292,OncoCompass? Plus血浆版,由实验室根据PM提供的信息表贴标签,/,暂存等通知,/,/
442,RSPM2025023,LK295,OncoScreen? Plus CDx组织版,/,"N＞15张需反馈
穿刺切片：
N＜8张，不合格
手术切片：
N≤2张，不合格",暂存等通知,"1、穿刺切片：≤15张
2、手术切片：≤10张",/
443,RSPS2025003,LK291,OncoScreen? Plus组织版,/,"N＞20张需反馈
穿刺切片：
10张＜N＜16张，警戒
N≤10张，不合格
手术切片：
N≤4张，不合格
新鲜组织：
肉眼未见样本，不合格
待检测新鲜组织（RNA-later保存液）2-8℃冰箱保存","1、单例：路径a
2、批量送检：暂存等通知",≤20张,/
444,RSPL2025013,LK291,OncoScreen? Plus组织版,/,"N＞10张需反馈
穿刺切片：
5 张≤N＜8 张，警戒
N＜5张，不合格
手术切片：
N≤2张，不合格",暂存等通知,≤10张,/
445,RSPM2025057,LK308,OncoScreen? Plus组织升级版,/,"切片：
N＜10张，不合格

全血：
M ＜0.2ml，不合格
送检量>1管，不合格",/,切片：≤10张,/
446,RSPL2025010,LK340,捕获转录组测序(Capture-WTS),/,"切片：
N＞10张需反馈
N＜10张，不合格",暂存等通知,10张,/
447,RSPL2025010,LK090,gDNA提取,/,"切片：
N＞10张需反馈
N＜10张，不合格",暂存等通知,10张,/
448,RSPL2025010,LK050,病理评估,/,"切片：
N＞10张需反馈
N＜10张，不合格",暂存等通知,10张,/
449,RSPM2025060,LK165,燃石朗克?血浆版,,"全血：
M＞1管，不合格
2ml＜M＜6ml，警戒
M≤2ml，不合格",路径b,/,/
450,RSPS2024008,LK190,燃石朗清? Pro CDx血浆版,,/,暂存等通知,/,
451,RSPS2025001,LK305,OncoScreen? ParpMatch Pro CDx组织版,由实验室贴M码,"N＞20张需反馈
穿刺切片：
15张≤N＜20张，不合格
N＜15张，不合格
手术切片：
6张≤N＜20张，不合格
N＜6张，不合格

受试者筛选号（E-code）和样本标记信息（Accession No.）两者任一缺少需反馈并暂停",路径a,20张,/
,RSPM2025074,LK291,,,,路径b,,SSP未生效
,RSPM2025074,LK292,,,,到样后反馈，前处理后暂存,,SSP未生效
,RSPS2019007,LK165,,,,路径a,,无SSP
,RSPS2019007,LK292,,,,路径a,,无SSP
,RSPS2019007,LK291,,,,路径b,,无SSP
,RSPL2021002,LK291,,,,路径a,,
,RSPL2021002,LK292,,,,路径a,,
,RSPL2021002,LK170,,,,路径a,,
,RSPL2021002,LK167,,,,路径a,,
,RSPL2021002,LK521,,,,路径a,,
,RSPL2021002,LK522,,,,路径a,,
,RSPL2021002,LK101,,,,路径a,,
,RSPL2021002,LK176,,,,路径a,,
,RSPL2023004,LK290,,,,路径b,,无SSP
,RSPL2023005,LK523,,,,路径b,,无SSP
,RSPL2023005,LK335,,,,路径b,,无SSP
,RSPL2023006,LK513,,,,暂存等通知,,
,RSPL2023006,LK298,,,,暂存等通知,,
,RSPL2024002,LK206,,,按临建要求,路径a,,无SSP
,RSPL2024005,LK521,,,出报告,路径a,,无SSP
,RSPL2024005,LK340,,,不出报告,路径a,,无SSP
,RSPL2024006,LK290,,,,路径b,,无SSP
,RSPL2024007,LK306,,,,路径a,,AZ RSPS2022005压力测试项目
,RSPL2024008,LK292,,,,路径a,,
,RSPL2024009,LK309,,,,暂存等通知,,
,RSPL2024010,LK305,,,,路径a,,AZ RSPS2023006压力测试项目
,RSPL2024010,LK298,,,,路径a,,AZ RSPS2023006压力测试项目
,RSPL2024011,LK361,,,,路径a,,
,RSPL2025001,LK291,,,,暂存等通知,,
,RSPL2025001,LK340,,,,暂存等通知,,
,RSPL2025002,/,,,仅负责样本从美办进口和国内样本转寄，不涉及检测,暂存等通知,,
,RSPL2025003,LK521,,,,暂存等通知,,
,RSPL2025003,LK522,,,,暂存等通知,,
,RSPL2025003,LK534,,,,暂存等通知,,
,RSPL2025003,LK533,,,,暂存等通知,,
,RSPL2025003,LK167,,,,暂存等通知,,
,RSPL2025003,LK292,,,,暂存等通知,,
,RSPL2025003,LK291,,,,暂存等通知,,
,RSPL2025003,LK207,,,,暂存等通知,,
,RSPL2025003,LK131,,,,暂存等通知,,
,RSPL2025003,LK170,,,,暂存等通知,,
,RSPL2025003,LK183,,,,暂存等通知,,
,RSPL2025003,LK361,,,,暂存等通知,,
,RSPL2025007,LK196,,,,路径b,,
,RSPL2025012,LK308,,,到样后反馈,暂存等通知,,
,RSPL2025012,LK090,,,到样后反馈,暂存等通知,,
,RSPL2025014,,,,,路径a,,AZ RSPS2025001压力测试项目





